<?xml version="1.0" encoding="UTF-8"?>
<!DOCTYPE platform PUBLIC "-//NetBeans//DTD Java PlatformDefinition 1.0//EN" "http://www.netbeans.org/dtds/java-platformdefinition-1_0.dtd">
<platform default="no" name="JDK 1.8">
    <jdkhome>
        <resource>file:/C:/Users/Samgo/scoop/apps/adopt8-hotspot/8u282-b08/</resource>
    </jdkhome>
    <properties>
        <property name="platform.ant.name" value="JDK_1.8"/>
    </properties>
    <sysproperties>
        <property name="awt.toolkit" value="sun.awt.windows.WToolkit"/>
        <property name="file.encoding" value="Cp1252"/>
        <property name="file.encoding.pkg" value="sun.io"/>
        <property name="file.separator" value="\"/>
        <property name="java.awt.graphicsenv" value="sun.awt.Win32GraphicsEnvironment"/>
        <property name="java.awt.printerjob" value="sun.awt.windows.WPrinterJob"/>
        <property name="java.class.path" value=""/>
        <property name="java.class.version" value="52.0"/>
        <property name="java.endorsed.dirs" value="C:\Users\Samgo\scoop\apps\adopt8-hotspot\8u282-b08\jre\lib\endorsed"/>
        <property name="java.ext.dirs" value="C:\Users\Samgo\scoop\apps\adopt8-hotspot\8u282-b08\jre\lib\ext;C:\WINDOWS\Sun\Java\lib\ext"/>
        <property name="java.home" value="C:\Users\Samgo\scoop\apps\adopt8-hotspot\8u282-b08\jre"/>
        <property name="java.io.tmpdir" value="C:\Users\Samgo\AppData\Local\Temp\"/>
        <property name="java.library.path" value="C:\Users\Samgo\scoop\apps\adopt8-hotspot\8u282-b08\bin;C:\WINDOWS\Sun\Java\bin;C:\WINDOWS\system32;C:\WINDOWS;C:\Program Files (x86)\Common Files\Oracle\Java\javapath;C:\Program Files (x86)\ActiveState Komodo IDE 12\;C:\Users\Samgo\AppData\Roaming\ActiveState\bin;C:\Program Files\Microsoft MPI\Bin\;C:\GCC\bin;C:\GCC\libexec\gcc\x86_64-w64-mingw32\10.2.0;C:\Users\Samgo\scoop\apps\msys2\current\mingw32\include;C:\Users\Samgo\scoop\apps\msys2\current\mingw64\include;C:\Program Files\GLFW;C:\Windows\System32;C:\Windows;C:\Windows\System32\wbem;C:\Windows\System32\WindowsPowerShell\v1.0\;C:\Windows\System32\OpenSSH\;C:\Program Files\dotnet\;C:\Users\Samgo\scoop\apps\gpg4win\3.1.15\GnuPG\bin;C:\Program Files (x86)\Microsoft SQL Server\90\Tools\binn\;C:\Program Files\Microsoft Windows Performance Toolkit\;C:\Program Files (x86)\Windows Kits\8.0\Windows Performance Toolkit\;C:\Program Files\Microsoft SQL Server\110\Tools\Binn\;C:\Program Files (x86)\Microsoft ASP.NET\ASP.NET Web Pages\v1.0\;C:\Program Files (x86)\Windows Kits\8.1\Windows Performance Toolkit\;C:\Program Files (x86)\Microsoft SDKs\TypeScript\1.0\;C:\Program Files\Microsoft SQL Server\120\Tools\Binn\;C:\Users\Samgo\.dnx\bin;C:\Program Files\Microsoft DNX\Dnvm\;C:\Program Files\Microsoft SQL Server\130\Tools\Binn\;C:\Program Files (x86)\Windows Kits\10\Windows Performance Toolkit\;C:\Program Files\Microsoft SQL Server\Client SDK\ODBC\170\Tools\Binn\;C:\Program Files\TortoiseGit\bin;C:\Program Files\Microsoft\Web Platform Installer\;C:\WINDOWS\system32;C:\WINDOWS;C:\WINDOWS\System32\Wbem;C:\WINDOWS\System32\WindowsPowerShell\v1.0\;C:\WINDOWS\System32\OpenSSH\;C:\Program Files\PowerShell\7-preview\preview;C:\Program Files (x86)\Calibre2\;C:\Users\Samgo\scoop\apps\adoptopenjdk-hotspot\current\bin;C:\Users\Samgo\scoop\apps\openjdk\current\bin;C:\Users\Samgo\scoop\apps\haskell\current\lib\extralibs\bin;C:\Users\Samgo\scoop\apps\flutter\current\bin\cache\dart-sdk\bin;C:\Users\Samgo\scoop\apps\liberica-full\current\bin;C:\Users\Samgo\scoop\apps\ruby26\current\bin;C:\Users\Samgo\scoop\apps\ruby26\current\gems\bin;C:\Users\Samgo\scoop\apps\ruby\current\bin;C:\Users\Samgo\scoop\apps\ruby\current\gems\bin;C:\Users\Samgo\scoop\apps\nu\current\Plugins;C:\Users\Samgo\scoop\apps\vulkan\current\Bin;C:\Users\Samgo\scoop\apps\vulkan\current\Tools;C:\Users\Samgo\scoop\apps\python\current\Scripts;C:\Users\Samgo\scoop\apps\python\current;C:\Users\Samgo\scoop\apps\adoptopenjdk-lts-openj9\current\bin;C:\Users\Samgo\scoop\apps\dart\current\bin;C:\Users\Samgo\scoop\apps\adoptopenjdk-openj9\current\bin;C:\Users\Samgo\scoop\apps\yarn\current\global\node_modules\.bin;C:\Users\Samgo\scoop\apps\yarn\current\Yarn\bin;C:\Users\Samgo\scoop\apps\dotnet-sdk-preview\current;C:\Users\Samgo\AppData\Local\activestate\bin;C:\Users\Samgo\scoop\apps\gcc-arm-none-eabi\current\bin;C:\Users\Samgo\go\bin;C:\Users\Samgo\scoop\apps\ghostscript\current\lib;C:\Users\Samgo\scoop\apps\dotnet-sdk\current;C:\Users\Samgo\scoop\apps\composer\current\home\vendor\bin;C:\Users\Samgo\scoop\apps\rustup\current\.cargo\bin;C:\Users\Samgo\scoop\apps\ant\current\bin;C:\Users\Samgo\scoop\apps\maven\current\bin;C:\Users\Samgo\scoop\apps\openssl\current\bin;C:\Users\Samgo\scoop\apps\nvm\current\nodejs\nodejs;C:\Users\Samgo\scoop\apps\latex\current\texmfs\install\miktex\bin\x64;C:\Users\Samgo\scoop\apps\perl\current\perl\site\bin;C:\Users\Samgo\scoop\apps\perl\current\perl\bin;C:\Users\Samgo\scoop\apps\perl\current\c\bin;C:\Users\Samgo\scoop\apps\mono\current\bin;C:\Users\Samgo\scoop\apps\gpg4win\current\GnuPG\bin;C:\Users\Samgo\scoop\apps\gpg4win\current\Gpg4win\bin;C:\Users\Samgo\scoop\apps\adopt8-hotspot\current\bin;C:\Users\Samgo\scoop\apps\android-sdk\current\tools\bin;C:\Users\Samgo\scoop\apps\adoptopenjdk-lts-hotspot\current\bin;C:\Users\Samgo\scoop\shims;C:\Users\Samgo\AppData\Local\Microsoft\WindowsApps;c:\users\samgo\scoop\apps\python\3.9.2\Scripts;C:\Users\Samgo\.dotnet\tools;C:\Users\Samgo\scoop\apps\hyper\3.0.2\resources\bin;C:\Users\Samgo\AppData\Local\Keybase\;C:\Users\Samgo\.local\bin;%USERPROFILE%\AppData\Local\Microsoft\WindowsApps;."/>
        <property name="java.runtime.name" value="OpenJDK Runtime Environment"/>
        <property name="java.runtime.version" value="1.8.0_282-b08"/>
        <property name="java.specification.name" value="Java Platform API Specification"/>
        <property name="java.specification.vendor" value="Oracle Corporation"/>
        <property name="java.specification.version" value="1.8"/>
        <property name="java.vendor" value="AdoptOpenJDK"/>
        <property name="java.vendor.url" value="https://adoptopenjdk.net/"/>
        <property name="java.vendor.url.bug" value="https://github.com/AdoptOpenJDK/openjdk-support/issues"/>
        <property name="java.version" value="1.8.0_282"/>
        <property name="java.vm.info" value="mixed mode"/>
        <property name="java.vm.name" value="OpenJDK 64-Bit Server VM"/>
        <property name="java.vm.specification.name" value="Java Virtual Machine Specification"/>
        <property name="java.vm.specification.vendor" value="Oracle Corporation"/>
        <property name="java.vm.specification.version" value="1.8"/>
        <property name="java.vm.vendor" value="AdoptOpenJDK"/>
        <property name="java.vm.version" value="25.282-b08"/>
        <property name="line.separator" value="&#13;&#10;"/>
        <property name="os.arch" value="amd64"/>
        <property name="os.name" value="Windows 10"/>
        <property name="os.version" value="10.0"/>
        <property name="path.separator" value=";"/>
        <property name="sun.arch.data.model" value="64"/>
        <property name="sun.boot.class.path" value="C:\Users\Samgo\scoop\apps\adopt8-hotspot\8u282-b08\jre\lib\resources.jar;C:\Users\Samgo\scoop\apps\adopt8-hotspot\8u282-b08\jre\lib\rt.jar;C:\Users\Samgo\scoop\apps\adopt8-hotspot\8u282-b08\jre\lib\sunrsasign.jar;C:\Users\Samgo\scoop\apps\adopt8-hotspot\8u282-b08\jre\lib\jsse.jar;C:\Users\Samgo\scoop\apps\adopt8-hotspot\8u282-b08\jre\lib\jce.jar;C:\Users\Samgo\scoop\apps\adopt8-hotspot\8u282-b08\jre\lib\charsets.jar;C:\Users\Samgo\scoop\apps\adopt8-hotspot\8u282-b08\jre\lib\jfr.jar;C:\Users\Samgo\scoop\apps\adopt8-hotspot\8u282-b08\jre\classes"/>
        <property name="sun.boot.library.path" value="C:\Users\Samgo\scoop\apps\adopt8-hotspot\8u282-b08\jre\bin"/>
        <property name="sun.cpu.endian" value="little"/>
        <property name="sun.cpu.isalist" value="amd64"/>
        <property name="sun.desktop" value="windows"/>
        <property name="sun.io.unicode.encoding" value="UnicodeLittle"/>
        <property name="sun.java.command" value="J2SEPlatformProbe C:\Users\Samgo\AppData\Local\Temp\nb-platformdetect5343104053172160456properties"/>
        <property name="sun.java.launcher" value="SUN_STANDARD"/>
        <property name="sun.jnu.encoding" value="Cp1252"/>
        <property name="sun.management.compiler" value="HotSpot 64-Bit Tiered Compilers"/>
        <property name="sun.os.patch.level" value=""/>
        <property name="sun.stderr.encoding" value="cp65001"/>
        <property name="sun.stdout.encoding" value="cp65001"/>
        <property name="user.country" value="US"/>
        <property name="user.dir" value=""/>
        <property name="user.home" value="C:\Users\Samgo"/>
        <property name="user.language" value="en"/>
        <property name="user.name" value="Samgo"/>
        <property name="user.script" value=""/>
        <property name="user.timezone" value="America/New_York"/>
        <property name="user.variant" value=""/>
    </sysproperties>
</platform>
