<?xml version="1.0" encoding="UTF-8"?>
<!DOCTYPE fontscolors PUBLIC "-//NetBeans//DTD Editor Fonts and Colors settings 1.2//EN" "https://netbeans.apache.org/dtds/EditorFontsColors-1_2.dtd">
<fontscolors>
    <fontcolor name="org-netbeans-modules-web-core-syntax-JspParserErrorAnnotation" waveUnderlined="red"/>
    <fontcolor name="DisabledFieldBreakpoint_stroke"/>
    <fontcolor name="org-netbeans-modules-web-beans-annotations-event"/>
    <fontcolor name="sonarqube-minor-annotation" waveUnderlined="ff37c43c"/>
    <fontcolor bgColor="fff6d4d8" name="com-junichi11-netbeans-modules-textlint-annotation"/>
    <fontcolor bgColor="ffb4e4fc" name="stopwatchProfilingPoint"/>
    <fontcolor name="PinnedWatch"/>
    <fontcolor bgColor="ffb4e4fc" name="loadgenProfilingPoint"/>
    <fontcolor name="FieldBreakpoint"/>
    <fontcolor name="com-github-philippefichet-sonarlint4netbeans-annotation-info" waveUnderlined="ff4b9fd5"/>
    <fontcolor bgColor="ffdcdcd8" name="loadgenProfilingPointD"/>
    <fontcolor name="ClassBreakpoint_stroke"/>
    <fontcolor name="sonarqube-blocker-annotation" waveUnderlined="ffed002b"/>
    <fontcolor name="org-netbeans-spi-editor-hints-parser_annotation_todo_fixable"/>
    <fontcolor name="DisabledMethodBreakpoint"/>
    <fontcolor name="org-netbeans-spi-editor-hints-parser_annotation_warn"/>
    <fontcolor name="OtherThreads"/>
    <fontcolor name="org-netbeans-modules-mercurial-Annotation"/>
    <fontcolor name="org-netbeans-spi-editor-hints-parser_annotation_warn_fixable"/>
    <fontcolor name="org-netbeans-spi-editor-hints-parser_annotation_err_fixable"/>
    <fontcolor name="org-netbeans-modules-versioning-annotate-Annotation"/>
    <fontcolor bgColor="ffb4e4fc" name="resetResultsProfilingPoint"/>
    <fontcolor name="org-netbeans-spi-editor-hints-parser_annotation_verifier"/>
    <fontcolor name="com-github-philippefichet-sonarlint4netbeans-annotation-blocker" waveUnderlined="ffd4333f"/>
    <fontcolor name="org-netbeans-modules-web-beans-annotations-observer"/>
    <fontcolor name="org-netbeans-spi-editor-hints-parser_annotation_hint"/>
    <fontcolor name="org-netbeans-modules-subversion-Annotation"/>
    <fontcolor name="org-netbeans-modules-editor-annotations-has_implementations"/>
    <fontcolor name="org-netbeans-modules-editor-annotations-implements"/>
    <fontcolor bgColor="fff6d4d8" name="com-junichi11-netbeans-modules-textlint-fixable-annotation"/>
    <fontcolor name="MethodBreakpoint"/>
    <fontcolor name="DisabledMethodBreakpoint_stroke"/>
    <fontcolor name="MethodBreakpoint_stroke"/>
    <fontcolor name="org-netbeans-modules-editor-annotations-override-is-overridden-combined"/>
    <fontcolor name="org-netbeans-modules-editor-annotations-intercepted"/>
    <fontcolor name="org-netbeans-modules-editor-annotations-is_overridden"/>
    <fontcolor name="sonarqube-major-annotation" waveUnderlined="ffed002b"/>
    <fontcolor name="PHPError" waveUnderlined="red"/>
    <fontcolor bgColor="ffdcdcd8" name="resetResultsProfilingPointD"/>
    <fontcolor bgColor="ffdcdcd8" name="takeSnapshotProfilingPointD"/>
    <fontcolor name="org-netbeans-modules-git-Annotation"/>
    <fontcolor name="org-netbeans-modules-web-beans-annotations-injection-point"/>
    <fontcolor name="com-github-philippefichet-sonarlint4netbeans-annotation-generic" waveUnderlined="red"/>
    <fontcolor name="DisabledClassBreakpoint"/>
    <fontcolor name="org-netbeans-spi-editor-hints-parser_annotation_hint_fixable"/>
    <fontcolor name="PHPNotice" waveUnderlined="ffc0c000"/>
    <fontcolor name="editor-bookmark"/>
    <fontcolor bgColor="ffdcdcd8" name="stopwatchProfilingPointD"/>
    <fontcolor name="org-netbeans-modules-editor-annotations-overrides"/>
    <fontcolor name="com-github-philippefichet-sonarlint4netbeans-annotation-critical" waveUnderlined="ffd4333f"/>
    <fontcolor bgColor="ffb4e4fc" name="takeSnapshotProfilingPoint"/>
    <fontcolor name="OtherThread"/>
    <fontcolor name="org-netbeans-spi-editor-hints-parser_annotation_todo"/>
    <fontcolor name="FieldBreakpoint_stroke"/>
    <fontcolor name="org-netbeans-spi-editor-hints-parser_annotation_verifier_fixable"/>
    <fontcolor name="org-netbeans-spi-editor-hints-parser_annotation_err"/>
    <fontcolor name="sonarqube-info-annotation" waveUnderlined="ff37c43c"/>
    <fontcolor name="org-netbeans-modules-editor-annotations-implements-has-implementations-combined"/>
    <fontcolor bgColor="ffff8080" name="org-netbeans-modules-tomcat5-error"/>
    <fontcolor name="org-netbeans-modules-editor-annotations-implements-is-overridden-combined"/>
    <fontcolor bgColor="ffffa0a0" name="org-netbeans-modules-xml-error"/>
    <fontcolor name="PHPWarning" waveUnderlined="ffc0c000"/>
    <fontcolor name="com-github-philippefichet-sonarlint4netbeans-annotation-major" waveUnderlined="ffd4333f"/>
    <fontcolor name="org-netbeans-modules-web-beans-annotations-decorated-bean"/>
    <fontcolor name="sonarqube-critical-annotation" waveUnderlined="ffed002b"/>
    <fontcolor name="org-netbeans-modules-web-beans-annotations-delegate-point"/>
    <fontcolor name="com-github-philippefichet-sonarlint4netbeans-annotation-minor" waveUnderlined="ffb0d513"/>
    <fontcolor name="ClassBreakpoint"/>
    <fontcolor name="DisabledClassBreakpoint_stroke"/>
    <fontcolor name="DisabledFieldBreakpoint"/>
</fontscolors>
