<?xml version="1.0" encoding="UTF-8"?>
<!DOCTYPE editor-preferences PUBLIC "-//NetBeans//DTD Editor Preferences 1.0//EN" "http://www.netbeans.org/dtds/EditorPreferences-1_0.dtd">
<editor-preferences>
    <entry javaType="java.lang.Boolean" name="enable-indent" xml:space="preserve"><value><![CDATA[true]]></value></entry>
    <entry javaType="methodvalue" name="identifier-acceptor" xml:space="preserve"><value><![CDATA[org.netbeans.modules.html.editor.HtmlSettingsFactory.getIdentifierAcceptor]]></value></entry>
    <entry javaType="java.lang.Integer" name="indent-shift-width" xml:space="preserve"><value><![CDATA[2]]></value></entry>
    <entry javaType="java.lang.Integer" name="spaces-per-tab" xml:space="preserve"><value><![CDATA[2]]></value></entry>
    <entry javaType="java.lang.Integer" name="tab-size" xml:space="preserve"><value><![CDATA[4]]></value></entry>
</editor-preferences>
